{
    "0": {
        "U1": [
            0.0,
            0.0,
            0.0,
            0.0,
            0.0,
            0.0,
            0.0
        ],
        "U2": [
            0.0,
            0.0,
            0.0,
            0.0,
            0.0,
            0.0,
            0.0
        ],
        "U3": [
            0.0,
            0.0,
            0.0,
            0.0,
            0.0,
            0.0,
            0.0
        ],
        "U4": [
            0.0,
            0.0,
            0.0,
            0.0,
            0.0,
            0.0,
            0.0
        ],
        "U5": [
            0.0,
            0.0,
            0.0,
            0.0,
            0.0,
            0.0,
            0.0
        ],
        "U6": [
            5.554800281970529e-06,
            3.95635424865759e-06,
            5.59136151423445e-06,
            5.6951680562633555e-06,
            2.7103760658064857e-07,
            9.728987606649753e-06,
            5.4547928673986945e-12
        ],
        "U7": [
            0.0,
            0.0,
            0.0,
            0.0,
            0.0,
            0.0,
            0.0
        ],
        "U8": [
            0.1,
            0.1,
            0.1,
            0.1,
            0.1,
            0.1,
            0.1
        ],
        "U9": [
            0.0,
            0.0,
            0.0,
            0.0,
            0.0,
            0.0,
            0.0
        ],
        "U10": [
            0.0,
            0.0,
            0.0,
            0.0,
            0.0,
            0.0,
            0.0
        ],
        "U11": [
            9.14480047242705e-09,
            1.3931555464807843e-08,
            1.783501701879686e-08,
            5.595846985784192e-08,
            1.1491011475683877e-09,
            7.506001509227644e-08,
            4.131811364234308e-16
        ],
        "U12": [
            0.976594865322113,
            0.9782751798629761,
            0.9764747023582458,
            0.9765325784683228,
            0.9796151518821716,
            0.9999997615814209,
            0.18906930088996887
        ]
    }
}