{
    "0": 0.18035149707506407,
    "1": 1.2180578632027805,
    "2": 0.0012350827211710493,
    "3": 0.3319354701524048,
    "4": 1.7561648223108324,
    "5": 1.6922078008847974
}