{
    "0": 0.00043048699837897996,
    "1": 3.3332366016990396e-06,
    "2": 0.00025449693842558404,
    "3": 4.041981473856953e-05,
    "4": 6.565106336897261e-05,
    "5": 0.00021227029361479366
}