{
    "0": 0.003114154490057471,
    "1": 0.0034241465258428214,
    "2": 0.0036521328276084833,
    "3": 0.003354302740471558,
    "4": 0.0035185494242363784,
    "5": 0.003847756083276416
}