{
    "0": -0.1838961385635001,
    "1": -1.221485342965225,
    "2": -0.0051417124872051145,
    "3": -0.33533019270761505,
    "4": -1.7597490227984363,
    "5": -1.6962678272616898
}