{
    "0": {
        "T1": 2.5317983311648344,
        "T2": 3.7279164884104388,
        "C1": 720.7809888937926,
        "V1": 273.22733777151257,
        "I2": 2.612013888888889,
        "I5": 0.5914357638888889,
        "I8": 1.7150612461419756,
        "I11": 1.488628720189418
    },
    "1": {
        "T1": 3.703678570951336,
        "T2": 4.159317344218805,
        "C1": 600.5949604923381,
        "V1": 469.8153618996826,
        "I2": 11.252430555555556,
        "I5": -0.16482986111111111,
        "I8": 0.5563599537037037,
        "I11": 1.086059460476947
    },
    "2": {
        "T1": 5.515961328792033,
        "T2": 6.732484348836497,
        "C1": 673.0456307524909,
        "V1": 385.7513872621323,
        "I2": 8.652888888888889,
        "I5": 1.1728315972222223,
        "I8": 1.2078125,
        "I11": 1.7660539392622285
    },
    "3": {
        "T1": 2.885699894564197,
        "T2": 4.08438991701683,
        "C1": 680.4440249117948,
        "V1": 285.30761611122966,
        "I2": 6.165215277777778,
        "I5": 0.6541527777777778,
        "I8": 2.0872034143518516,
        "I11": 1.732409387858615
    },
    "4": {
        "T1": 6.235224490788118,
        "T2": 7.618892404859872,
        "C1": 651.9953392469197,
        "V1": 404.21583236464284,
        "I2": 4.751722222222222,
        "I5": 1.2919687499999999,
        "I8": 1.0336458333333334,
        "I11": 1.8032977370546783
    },
    "5": {
        "T1": 8.993564022337452,
        "T2": 10.384682424914928,
        "C1": 670.3954954213336,
        "V1": 348.6015111203369,
        "I2": 7.583343749999999,
        "I5": 1.9748593750000003,
        "I8": 1.6831148726851852,
        "I11": 2.2782341823452024
    }
}