{
    "0": {
        "T1": 9.358672659835273,
        "T2": 10.52312120792899,
        "C1": 616.2398587408874,
        "V1": 394.6537084838754,
        "I2": 7.251138888888889,
        "I5": 1.672138888888889,
        "I8": 1.2657503858024692,
        "I11": 2.1368554687424286
    }
}